"kBET (null)","kBET","p-value"
0.0154933333333333,0.02792,0.614616753067642
0,0,0.00254258797884599
0.0133333333333333,0.04,0.590818968378812
0.0533333333333333,0.08,1
