Metadata_plate_barcode,Metadata_reference_control_type,Metadata_control_type,mean_average_precision,p_value,corrected_p_value,below_p,below_corrected_p
localhost240926150001,positive,negative,0.9067147991311046,0.48951048951048953,0.8211788211788211,False,False
localhost240926150001,positive,positive,0.6906870963776873,0.7622377622377622,0.8211788211788211,False,False
localhost240927060001,positive,negative,0.9121716473522612,0.43956043956043955,0.8211788211788211,False,False
localhost240927060001,positive,positive,0.6877013154465633,0.7872127872127872,0.8211788211788211,False,False
localhost240927120001,positive,negative,0.9010231063372789,0.5304695304695305,0.8211788211788211,False,False
localhost240927120001,positive,positive,0.6804576526508412,0.8211788211788211,0.8211788211788211,False,False
localhost240928120001,positive,negative,0.881083648292306,0.6813186813186813,0.8211788211788211,False,False
localhost240928120001,positive,positive,0.6960629265224075,0.7302697302697303,0.8211788211788211,False,False
