Metadata_plate_barcode,Metadata_reference_control_type,Metadata_control_type,mean_average_precision,p_value,corrected_p_value,below_p,below_corrected_p
localhost240926150001,negative,negative,0.7366487316797168,0.44555444555444557,0.594072594072594,False,False
localhost240926150001,negative,positive,0.9273490931165312,0.2967032967032967,0.594072594072594,False,False
localhost240927060001,negative,negative,0.7082066987310853,0.6523476523476524,0.6523476523476524,False,False
localhost240927060001,negative,positive,0.9162970725769057,0.4035964035964036,0.594072594072594,False,False
localhost240927120001,negative,negative,0.7146077875916311,0.6003996003996004,0.6523476523476524,False,False
localhost240927120001,negative,positive,0.9353574658556906,0.24475524475524477,0.594072594072594,False,False
localhost240928120001,negative,negative,0.7473330147259076,0.3646353646353646,0.594072594072594,False,False
localhost240928120001,negative,positive,0.9208301011925779,0.34965034965034963,0.594072594072594,False,False
