Metadata_plate_barcode,Metadata_reference_control_type,Metadata_control_type,mean_average_precision,p_value,corrected_p_value,below_p,below_corrected_p
localhost240926150001,negative,negative,0.6947570510314796,0.7362637362637363,0.97002997002997,False,False
localhost240926150001,negative,positive,0.9641042297593052,0.05194805194805195,0.11788211788211789,False,False
localhost240927060001,negative,negative,0.6463899717016861,0.952047952047952,0.97002997002997,False,False
localhost240927060001,negative,positive,0.9623433688584636,0.058941058941058944,0.11788211788211789,False,False
localhost240927120001,negative,negative,0.6358198577551201,0.97002997002997,0.97002997002997,False,False
localhost240927120001,negative,positive,0.9626901061541262,0.057942057942057944,0.11788211788211789,False,False
localhost240928120001,negative,negative,0.6802317054153358,0.8221778221778222,0.97002997002997,False,False
localhost240928120001,negative,positive,0.9631919644823285,0.055944055944055944,0.11788211788211789,False,False
