Metadata_plate_barcode,Metadata_reference_control_type,Metadata_control_type,mean_average_precision,p_value,corrected_p_value,below_p,below_corrected_p
localhost240926150001,positive,negative,0.9732021651562215,0.02197802197802198,0.15984015984015984,True,False
localhost240926150001,positive,positive,0.7228826261165326,0.5444555444555444,0.8111888111888111,False,False
localhost240927060001,positive,negative,0.9634023422360952,0.055944055944055944,0.15984015984015984,False,False
localhost240927060001,positive,positive,0.6825017381390504,0.8111888111888111,0.8111888111888111,False,False
localhost240927120001,positive,negative,0.9619707526795752,0.059940059940059943,0.15984015984015984,False,False
localhost240927120001,positive,positive,0.6996610134018747,0.7102897102897103,0.8111888111888111,False,False
localhost240928120001,positive,negative,0.9565541137683296,0.08691308691308691,0.17382617382617382,False,False
localhost240928120001,positive,positive,0.7096265342053714,0.6433566433566433,0.8111888111888111,False,False
