Metadata_plate_barcode,Metadata_reference_control_type,Metadata_control_type,mean_average_precision,indices,p_value,corrected_p_value,below_p,below_corrected_p
localhost240926150001,positive,negative,0.9067147991311046,"[0, 1, 2, 3, 32, 33, 34, 35, 60, 61, 62, 63, 88, 89, 90, 91]",0.48951048951048953,0.7982017982017982,False,False
localhost240926150001,positive,positive,0.8266119450945136,"[28, 29, 30, 31, 56, 57, 58, 59, 84, 85, 86, 87]",0.7672327672327672,0.7982017982017982,False,False
localhost240927060001,positive,negative,0.9121716473522612,"[8, 9, 10, 11, 36, 37, 38, 39, 68, 69, 70, 71, 96, 97, 98, 99]",0.43956043956043955,0.7982017982017982,False,False
localhost240927060001,positive,positive,0.8339805647784807,"[4, 5, 6, 7, 64, 65, 66, 67, 92, 93, 94, 95]",0.7252747252747253,0.7982017982017982,False,False
localhost240927120001,positive,negative,0.9010231063372789,"[16, 17, 18, 19, 44, 45, 46, 47, 72, 73, 74, 75, 104, 105, 106, 107]",0.5304695304695305,0.7982017982017982,False,False
localhost240927120001,positive,positive,0.819800189778594,"[12, 13, 14, 15, 40, 41, 42, 43, 100, 101, 102, 103]",0.7982017982017982,0.7982017982017982,False,False
localhost240928120001,positive,negative,0.881083648292306,"[24, 25, 26, 27, 52, 53, 54, 55, 80, 81, 82, 83, 108, 109, 110, 111]",0.6813186813186813,0.7982017982017982,False,False
localhost240928120001,positive,positive,0.8358731275338173,"[20, 21, 22, 23, 48, 49, 50, 51, 76, 77, 78, 79]",0.7142857142857143,0.7982017982017982,False,False
